﻿"National Center for Education Statistics"


"Linear Regression analysis for Gross income in 2019 based on Distance education: entire program at NPSAS was online, Adjusted Gross Income (AGI), Age, as of BA completion, Race/ethnicity (with multiple) and gender, Cum. amount owed, principal & interest, all loans for undergraduate and Field of study: undergraduate (11 categories). "

"REGRESSION MODEL INFORMATION"
"Full sample weight","WTB000"
"Number of replicates","200"
"Percentage of observed over total case","70%"
"Coarsened number of cases","14300"
"Model Includes","20 variables and Intercept"
"Problems detected","None"
"Dependent variable","Gross income in 2019"

"ESTIMATED FULL SAMPLE REGRESSION COEFFICIENTS"
"","b","Standard Error","t","p-value","Lower 95% Confidence Interval","Upper 95% Confidence Interval"
"Intercept","33264.138606","2646.9815019","12.566819","0.000000","28076.054862","38452.222350"
"Distance education: entire program at NPSAS was online"
"Reference Group: No"
"  Yes","5905.648569","1916.7285363","3.081109","0.002353","2148.860638","9662.436500"

"Adjusted Gross Income (AGI)"
"  Adjusted Gross Income (AGI)","0.025001","0.0049781","5.022289","0.000001","0.015244","0.034758"
"Age, as of BA completion"
"  Age, as of BA completion","497.795394","115.0752192","4.325826","0.000024","272.247964","723.342823"
"Race/ethnicity (with multiple) and gender"
"Reference Group: White male"
"  White female","6149.272506","4746.4823589","1.295543","0.196626","-3153.832917","15452.377930"
"  Hispanic or Latino male","-9230.064570","2097.0655424","-4.401419","0.000018","-13340.313033","-5119.816107"
"  Hispanic or Latino female","-10923.147497","2394.8780855","-4.561045","0.000009","-15617.108545","-6229.186450"
"  Black or African American male","-15506.516360","1602.2404472","-9.678021","0.000000","-18646.907637","-12366.125084"
"  Black or African American female","-4623.187454","2075.7954433","-2.227188","0.027050","-8691.746523","-554.628385"
"  Asian male","-8825.073991","1543.3633229","-5.718079","0.000000","-11850.066103","-5800.081878"
"  Asian female","-7473.552902","1083.5492955","-6.897289","0.000000","-9597.309521","-5349.796283"

"Cum. amount owed, principal & interest, all loans for undergraduate"
"  Cum. amount owed, principal & interest, all loans for undergraduate","-0.059692","0.0202829","-2.942982","0.003635","-0.099447","-0.019938"
"Field of study: undergraduate (11 categories)"
"Reference Group: Other applied"
"  Computer and information sciences","28611.037690","3906.8037601","7.323388","0.000000","20953.702320","36268.373060"
"  Engineering and engineering technology","24897.040757","1892.6593657","13.154528","0.000000","21187.428400","28606.653114"
"  Bio & phys science, sci tech, math, agriculture","-4467.858163","1090.6350775","-4.096566","0.000061","-6605.502915","-2330.213411"
"  General studies and other","-1304.074259","2868.2378103","-0.454660","0.649847","-6925.820367","4317.671849"
"  Social sciences and humanities","-2369.023454","1260.5009137","-1.879430","0.061640","-4839.605245","101.558337"
"  Personal and consumer services","-4230.254331","1870.2664286","-2.261846","0.024783","-7895.976531","-564.532131"
"  Military technology and protective services","7211.432679","2117.7009166","3.405312","0.000799","3060.738883","11362.126476"
"  Health care fields","15167.990133","1455.2231971","10.423137","0.000000","12315.752667","18020.227600"
"  Business","13118.204615","1434.2751723","9.146226","0.000000","10307.025278","15929.383953"


"STANDARDIZED FULL SAMPLE REGRESSION COEFFICIENTS"
"","Standardized b","Standard Error","Lower 95% Confidence Interval","Upper 95% Confidence Interval"
"Distance education: entire program at NPSAS was online"
"Reference Group: No"
"  Yes","2160.579589","701.2345052","786.159958","3534.999219"

"Adjusted Gross Income (AGI)"
"  Adjusted Gross Income (AGI)","2117.310379","421.5827222","1291.008244","2943.612515"
"Age, as of BA completion"
"  Age, as of BA completion","4205.987392","972.2969063","2300.285456","6111.689328"
"Race/ethnicity (with multiple) and gender"
"Reference Group: White male"
"  White female","990.136652","764.2637643","-507.820326","2488.093630"
"  Hispanic or Latino male","-1796.305320","408.1195707","-2596.219679","-996.390961"
"  Hispanic or Latino female","-2159.819491","473.5360728","-3087.950194","-1231.688789"
"  Black or African American male","-4290.673565","443.3420487","-5159.623981","-3421.723150"
"  Black or African American female","-1062.331868","476.9833956","-1997.219323","-127.444412"
"  Asian male","-2514.614921","439.7656546","-3376.555604","-1652.674238"
"  Asian female","-3661.746747","530.8965039","-4702.303895","-2621.189599"

"Cum. amount owed, principal & interest, all loans for undergraduate"
"  Cum. amount owed, principal & interest, all loans for undergraduate","-1568.388190","532.9248583","-2612.920912","-523.855468"
"Field of study: undergraduate (11 categories)"
"Reference Group: Other applied"
"  Computer and information sciences","7657.815853","1045.6658054","5608.310875","9707.320832"
"  Engineering and engineering technology","5969.637340","453.8085522","5080.172577","6859.102102"
"  Bio & phys science, sci tech, math, agriculture","-1361.582197","332.3716310","-2013.030593","-710.133800"
"  General studies and other","-146.950504","323.2093494","-780.440829","486.539820"
"  Social sciences and humanities","-927.696179","493.6050251","-1895.162028","39.769670"
"  Personal and consumer services","-652.659421","288.5516824","-1218.220718","-87.098123"
"  Military technology and protective services","1386.627813","407.1955075","588.524618","2184.731007"
"  Health care fields","5489.245363","526.6404524","4457.030076","6521.460649"
"  Business","4316.502402","471.9435630","3391.493018","5241.511785"


"HYPOTHESIS TESTING RESULTS"
"","WaldF","Probability F","Numerator DF","Denominator DF"
"Overall Fit","105.712035","0.000000","20","181"
"Distance education: entire program at NPSAS was online"
"Degrees of Freedom","","","1","200"
"Reference Group: No"
"  Yes","31.160196","0.000000"

"Adjusted Gross Income (AGI)"
"  Adjusted Gross Income (AGI)","53.091387","0.000000","1","200"
"Age, as of BA completion"
"  Age, as of BA completion","112.127923","0.000000","1","200"
"Race/ethnicity (with multiple) and gender"
"Degrees of Freedom","","","7","194"
"Reference Group: White male"
"  White female","14.056670","0.000178"
"  Hispanic or Latino male","39.909733","0.000000"
"  Hispanic or Latino female","44.591202","0.000000"
"  Black or African American male","146.369881","0.000000"
"  Black or African American female","11.639164","0.000648"
"  Asian male","54.403257","0.000000"
"  Asian female","104.031110","0.000000"

"Cum. amount owed, principal & interest, all loans for undergraduate"
"  Cum. amount owed, principal & interest, all loans for undergraduate","21.654222","0.000003","1","200"
"Field of study: undergraduate (11 categories)"
"Degrees of Freedom","","","9","192"
"Reference Group: Other applied"
"  Computer and information sciences","256.017073","0.000000"
"  Engineering and engineering technology","303.343404","0.000000"
"  Bio & phys science, sci tech, math, agriculture","15.381914","0.000088"
"  General studies and other","0.356463","0.550487"
"  Social sciences and humanities","5.978265","0.014495"
"  Personal and consumer services","5.241975","0.022063"
"  Military technology and protective services","13.736777","0.000211"
"  Health care fields","170.905840","0.000000"
"  Business","163.384528","0.000000"


"MEASURES OF FIT"
"R2","0.128939"
"Degrees of Freedom","200"
"t-value","1.960000"
"Adjusted Wald-F","105.712035"


"CORRELATION MATRIX"
"","","Gross income in 2019","Distance education: entire program at NPSAS was online","Adjusted Gross Income (AGI)","Age, as of BA completion","Race/ethnicity (with multiple) and gender","","","","","","","Cum. amount owed, principal & interest, all loans for undergraduate","Field of study: undergraduate (11 categories)"
"","","","Yes","","","White female","Hispanic or Latino male","Hispanic or Latino female","Black or African American male","Black or African American female","Asian male","Asian female","","Computer and information sciences","Engineering and engineering technology","Bio & phys science, sci tech, math, agriculture","General studies and other","Social sciences and humanities","Personal and consumer services","Military technology and protective services","Health care fields","Business"
"Gross income in 2019","","1.000000","NaN","NaN","NaN","NaN","NaN","NaN","NaN","NaN","NaN","NaN","NaN","NaN","NaN","NaN","NaN","NaN","NaN","NaN","NaN","NaN"
"Distance education: entire program at NPSAS was online","Yes","0.100880","1.000000","NaN","NaN","NaN","NaN","NaN","NaN","NaN","NaN","NaN","NaN","NaN","NaN","NaN","NaN","NaN","NaN","NaN","NaN","NaN"

"Adjusted Gross Income (AGI)","","0.051979","-0.084505","1.000000","NaN","NaN","NaN","NaN","NaN","NaN","NaN","NaN","NaN","NaN","NaN","NaN","NaN","NaN","NaN","NaN","NaN","NaN"
"Age, as of BA completion","","0.123544","0.400864","-0.155727","1.000000","NaN","NaN","NaN","NaN","NaN","NaN","NaN","NaN","NaN","NaN","NaN","NaN","NaN","NaN","NaN","NaN","NaN"
"Race/ethnicity (with multiple) and gender","White female","0.088712","-0.035629","-0.013343","-0.051027","1.000000","NaN","NaN","NaN","NaN","NaN","NaN","NaN","NaN","NaN","NaN","NaN","NaN","NaN","NaN","NaN","NaN"
"","Hispanic or Latino male","-0.038048","-0.042803","-0.031504","-0.057627","-0.041645","1.000000","NaN","NaN","NaN","NaN","NaN","NaN","NaN","NaN","NaN","NaN","NaN","NaN","NaN","NaN","NaN"
"","Hispanic or Latino female","-0.019323","0.063223","-0.069322","0.072888","-0.036371","-0.041818","1.000000","NaN","NaN","NaN","NaN","NaN","NaN","NaN","NaN","NaN","NaN","NaN","NaN","NaN","NaN"
"","Black or African American male","-0.076337","0.049984","-0.104318","0.123257","-0.050454","-0.058011","-0.050664","1.000000","NaN","NaN","NaN","NaN","NaN","NaN","NaN","NaN","NaN","NaN","NaN","NaN","NaN"
"","Black or African American female","0.007682","-0.026298","-0.070168","0.005360","-0.045232","-0.052008","-0.045421","-0.063009","1.000000","NaN","NaN","NaN","NaN","NaN","NaN","NaN","NaN","NaN","NaN","NaN","NaN"
"","Asian male","-0.045358","-0.017499","-0.068820","-0.000907","-0.054023","-0.062116","-0.054248","-0.075254","-0.067466","1.000000","NaN","NaN","NaN","NaN","NaN","NaN","NaN","NaN","NaN","NaN","NaN"
"","Asian female","-0.074116","0.025108","0.090059","-0.019204","-0.151800","-0.174538","-0.152432","-0.211457","-0.189574","-0.226418","1.000000","NaN","NaN","NaN","NaN","NaN","NaN","NaN","NaN","NaN","NaN"

"Cum. amount owed, principal & interest, all loans for undergraduate","","-0.042037","0.094749","-0.147627","0.190640","-0.100705","-0.099188","0.086059","0.171710","-0.032430","-0.019247","0.056144","1.000000","NaN","NaN","NaN","NaN","NaN","NaN","NaN","NaN","NaN"
"Field of study: undergraduate (11 categories)","Computer and information sciences","0.141540","0.056994","-0.037534","0.046432","0.104087","-0.018858","0.034818","-0.036390","0.028728","-0.042316","-0.122467","-0.005398","1.000000","NaN","NaN","NaN","NaN","NaN","NaN","NaN","NaN"
"","Engineering and engineering technology","0.153404","-0.055246","0.026813","-0.065471","0.111559","-0.014995","0.001672","-0.048596","0.032844","-0.046211","-0.138787","-0.048346","-0.048369","1.000000","NaN","NaN","NaN","NaN","NaN","NaN","NaN"
"","Bio & phys science, sci tech, math, agriculture","-0.111734","-0.083560","0.040543","-0.120976","0.005473","0.061019","-0.020665","-0.034856","-0.001624","-0.011056","-0.007540","-0.067505","-0.070268","-0.096564","1.000000","NaN","NaN","NaN","NaN","NaN","NaN"
"","General studies and other","-0.024507","0.062628","-0.022241","0.091314","-0.022633","-0.014532","0.013386","0.052466","0.001199","0.003803","0.002489","0.013122","-0.026879","-0.036938","-0.053661","1.000000","NaN","NaN","NaN","NaN","NaN"
"","Social sciences and humanities","-0.147332","-0.079275","0.021500","-0.100782","-0.040714","0.003279","-0.018876","-0.001553","-0.003621","0.054672","0.032017","-0.017882","-0.109217","-0.150089","-0.218040","-0.083405","1.000000","NaN","NaN","NaN","NaN"
"","Personal and consumer services","-0.055180","-0.033100","-0.004906","-0.050087","-0.021087","-0.002680","0.014153","0.004698","-0.003818","0.001993","-0.010264","0.006005","-0.032741","-0.044993","-0.065364","-0.025003","-0.101595","1.000000","NaN","NaN","NaN"
"","Military technology and protective services","0.008931","0.057774","-0.028572","0.054456","-0.022190","-0.030851","0.046069","0.024557","0.025785","0.029674","-0.040180","0.022524","-0.030889","-0.042448","-0.061666","-0.023588","-0.095846","-0.028733","1.000000","NaN","NaN"
"","Health care fields","0.092056","0.138098","-0.026811","0.170877","-0.036707","0.012264","-0.035520","0.038879","-0.047926","0.020195","0.158830","0.077205","-0.068750","-0.094478","-0.137252","-0.052501","-0.213329","-0.063952","-0.060333","1.000000","NaN"
"","Business","0.117328","0.047209","0.000899","0.081131","0.024812","-0.021042","0.026959","0.007736","0.014778","-0.026704","-0.082348","0.007588","-0.092964","-0.127753","-0.185593","-0.070993","-0.288465","-0.086476","-0.081583","-0.181583","1.000000"


"CORRELATION MATRIX p-value"
"","","Gross income in 2019","Distance education: entire program at NPSAS was online","Adjusted Gross Income (AGI)","Age, as of BA completion","Race/ethnicity (with multiple) and gender","","","","","","","Cum. amount owed, principal & interest, all loans for undergraduate","Field of study: undergraduate (11 categories)"
"","","","Yes","","","White female","Hispanic or Latino male","Hispanic or Latino female","Black or African American male","Black or African American female","Asian male","Asian female","","Computer and information sciences","Engineering and engineering technology","Bio & phys science, sci tech, math, agriculture","General studies and other","Social sciences and humanities","Personal and consumer services","Military technology and protective services","Health care fields","Business"
"Gross income in 2019","","1.000000","NaN","NaN","NaN","NaN","NaN","NaN","NaN","NaN","NaN","NaN","NaN","NaN","NaN","NaN","NaN","NaN","NaN","NaN","NaN","NaN"
"Distance education: entire program at NPSAS was online","Yes","0.000003","1.000000","NaN","NaN","NaN","NaN","NaN","NaN","NaN","NaN","NaN","NaN","NaN","NaN","NaN","NaN","NaN","NaN","NaN","NaN","NaN"

"Adjusted Gross Income (AGI)","","0.000000","0.000075","1.000000","NaN","NaN","NaN","NaN","NaN","NaN","NaN","NaN","NaN","NaN","NaN","NaN","NaN","NaN","NaN","NaN","NaN","NaN"
"Age, as of BA completion","","0.000000","0.000000","0.000000","1.000000","NaN","NaN","NaN","NaN","NaN","NaN","NaN","NaN","NaN","NaN","NaN","NaN","NaN","NaN","NaN","NaN","NaN"
"Race/ethnicity (with multiple) and gender","White female","0.084480","0.842854","0.795292","0.321088","1.000000","NaN","NaN","NaN","NaN","NaN","NaN","NaN","NaN","NaN","NaN","NaN","NaN","NaN","NaN","NaN","NaN"
"","Hispanic or Latino male","0.367804","0.784117","0.455807","0.172721","-1.000000","1.000000","NaN","NaN","NaN","NaN","NaN","NaN","NaN","NaN","NaN","NaN","NaN","NaN","NaN","NaN","NaN"
"","Hispanic or Latino female","0.641840","0.454401","0.095507","0.079669","-1.000000","-1.000000","1.000000","NaN","NaN","NaN","NaN","NaN","NaN","NaN","NaN","NaN","NaN","NaN","NaN","NaN","NaN"
"","Black or African American male","0.008833","0.392661","0.000369","0.000028","-1.000000","-1.000000","-1.000000","1.000000","NaN","NaN","NaN","NaN","NaN","NaN","NaN","NaN","NaN","NaN","NaN","NaN","NaN"
"","Black or African American female","0.828425","0.782905","0.048281","0.879802","-1.000000","-1.000000","-1.000000","-1.000000","1.000000","NaN","NaN","NaN","NaN","NaN","NaN","NaN","NaN","NaN","NaN","NaN","NaN"
"","Asian male","0.106809","0.808631","0.014691","0.974231","-1.000000","-1.000000","-1.000000","-1.000000","-1.000000","1.000000","NaN","NaN","NaN","NaN","NaN","NaN","NaN","NaN","NaN","NaN","NaN"
"","Asian female","0.000000","0.455585","0.000000","0.147743","-1.000000","-1.000000","-1.000000","-1.000000","-1.000000","-1.000000","1.000000","NaN","NaN","NaN","NaN","NaN","NaN","NaN","NaN","NaN","NaN"

"Cum. amount owed, principal & interest, all loans for undergraduate","","0.000001","0.000010","0.000000","0.000000","0.050158","0.019084","0.038607","0.000000","0.360462","0.492984","0.000032","1.000000","NaN","NaN","NaN","NaN","NaN","NaN","NaN","NaN","NaN"
"Field of study: undergraduate (11 categories)","Computer and information sciences","0.000004","0.296634","0.212459","0.123219","0.410887","0.934557","0.697310","0.805185","0.729650","0.783993","0.189175","0.857509","1.000000","NaN","NaN","NaN","NaN","NaN","NaN","NaN","NaN"
"","Engineering and engineering technology","0.000008","0.651110","0.428733","0.053820","0.332125","0.941507","0.990577","0.855734","0.756872","0.813766","0.141384","0.154010","-1.000000","1.000000","NaN","NaN","NaN","NaN","NaN","NaN","NaN"
"","Bio & phys science, sci tech, math, agriculture","0.000024","0.625419","0.120108","0.000005","0.970109","0.547794","0.916168","0.777208","0.989811","0.911634","0.849492","0.009937","-1.000000","-1.000000","1.000000","NaN","NaN","NaN","NaN","NaN","NaN"
"","General studies and other","0.741206","0.670857","0.764394","0.217513","NaN","0.983622","0.966275","0.838966","0.997661","0.987878","0.983886","0.859654","-1.000000","-1.000000","-1.000000","1.000000","NaN","NaN","NaN","NaN","NaN"
"","Social sciences and humanities","0.000000","0.218440","0.264882","0.000000","0.777996","0.972976","0.866074","0.981526","0.965628","0.360665","0.280739","0.353580","-1.000000","-1.000000","-1.000000","-1.000000","1.000000","NaN","NaN","NaN","NaN"
"","Personal and consumer services","0.304509","0.894743","0.927273","0.351336","0.966394","0.994351","0.954907","0.980911","0.987456","0.991749","0.909478","0.911052","-1.000000","-1.000000","-1.000000","-1.000000","-1.000000","1.000000","NaN","NaN","NaN"
"","Military technology and protective services","0.834604","0.462247","0.504182","0.203198","0.956697","0.975408","0.754767","0.815974","0.851239","0.789602","0.672264","0.598497","-1.000000","-1.000000","-1.000000","-1.000000","-1.000000","-1.000000","1.000000","NaN","NaN"
"","Health care fields","0.000022","0.000779","0.208323","0.000000","0.812085","0.886823","0.831345","0.494099","0.745199","0.738461","0.000000","0.000342","-1.000000","-1.000000","-1.000000","-1.000000","-1.000000","-1.000000","-1.000000","1.000000","NaN"
"","Business","0.000002","0.357379","0.969927","0.000760","0.859493","0.875008","0.779562","0.919051","0.880343","0.753130","0.059528","0.750202","-1.000000","-1.000000","-1.000000","-1.000000","-1.000000","-1.000000","-1.000000","-1.000000","1.000000"


"The names of the variables used in this analysis are: B2INCOM, DISTALL, CAGI, B1AGEATBA, RACESEX, TOTDUE1, and  MAJORS2Y. The variable names are unique identifiers. To locate these variables, enter the variable name in the search box."

"The weight variable used in this analysis is WTB000"

"Source: U.S. Department of Education, National Center for Education Statistics, Baccalaureate and Beyond: 2016/2020 (B&B)."

"Computation by NCES PowerStats on 7/31/2024 at 16:13:13 UTC."

"The code to retrieve results is xudjue"