﻿"National Center for Education Statistics"


"Logistic Regression analysis for Distance education: entire program at NPSAS was online based on Race/ethnicity (with multiple) and gender, Adjusted Gross Income (AGI) and Age at start of postsecondary education. "

"REGRESSION MODEL INFORMATION"
"Full sample weight","WTB000"
"Number of replicates","200"
"Percentage of observed over total case","88%"
"Coarsened number of cases","17900"
"Model Includes","9 variables and Intercept"
"Problems detected","None"
"Dependent variable","Distance education: entire program at NPSAS was online Event/Desired Outcome: Yes"

"ODDS RATIO RESULTS"
"","Odds Ratio","Standard Error","Lower 95% Confidence Interval","Upper 95% Confidence Interval","t","p-value","b","b Standard Error"
"Intercept","0.027384","0.0048253","0.019387","0.038680","-20.418025","0.000000","-3.597792","0.1762066"
"Race/ethnicity (with multiple) and gender"
"Reference Group: White male"
"  Asian male","0.445654","0.1824271","0.199781","0.994125","-1.974394","0.049713","-0.808213","0.4093471"
"  Asian female","0.465276","0.1354624","0.262956","0.823261","-2.627991","0.009255","-0.765125","0.2911443"
"  Black or African American male","1.808866","0.3869549","1.189359","2.751059","2.770648","0.006122","0.592700","0.2139212"
"  Black or African American female","1.444678","0.2348683","1.050472","1.986815","2.262875","0.024718","0.367886","0.1625748"
"  Hispanic or Latino male","0.632231","0.1156690","0.441715","0.904917","-2.506103","0.013004","-0.458501","0.1829538"
"  Hispanic or Latino female","0.829491","0.1255722","0.616525","1.116022","-1.234888","0.218321","-0.186943","0.1513847"
"  White female","1.255586","0.1230893","1.036093","1.521577","2.321680","0.021257","0.227602","0.0980334"

"Adjusted Gross Income (AGI)"
"  Adjusted Gross Income (AGI)","0.999996","0.0000008","0.999994","0.999998","-4.906671","0.000002","-0.000004","0.0000008"
"Age at start of postsecondary education"
"  Age at start of postsecondary education","1.082400","0.0077034","1.067406","1.097605","11.125630","0.000000","0.079181","0.0071170"

"STANDARDIZED FULL SAMPLE REGRESSION COEFFICIENTS"
"","Standardized b","Standard Error","t","p-value"
"Race/ethnicity (with multiple) and gender"
"Reference Group: White male"
"  Asian male","-0.133324","0.0675264","-1.974394","0.049713"
"  Asian female","-0.147906","0.0562809","-2.627991","0.009255"
"  Black or African American male","0.121393","0.0438139","2.770648","0.006122"
"  Black or African American female","0.101948","0.0450523","2.262875","0.024718"
"  Hispanic or Latino male","-0.106006","0.0422992","-2.506103","0.013004"
"  Hispanic or Latino female","-0.052723","0.0426943","-1.234888","0.218321"
"  White female","0.111146","0.0478729","2.321680","0.021257"

"Adjusted Gross Income (AGI)"
"  Adjusted Gross Income (AGI)","-0.347673","0.0708572","-4.906671","0.000002"
"Age at start of postsecondary education"
"  Age at start of postsecondary education","0.472064","0.0424303","11.125630","0.000000"

"HYPOTHESIS TESTING RESULTS"
"","WaldF","Probability F","Numerator DF","Denominator DF"
"Overall Fit","72764.175554","0.000000","9","192"
"Race/ethnicity (with multiple) and gender"
"Degrees of Freedom","","","7","194"
"Reference Group: White male"
"  Asian male","1499.985380","0.000000"
"  Asian female","1833.721446","0.000000"
"  Black or African American male","2540.670088","0.000000"
"  Black or African American female","1423.549448","0.000000"
"  Hispanic or Latino male","1044.462762","0.000000"
"  Hispanic or Latino female","268.320493","0.000000"
"  White female","1323.857322","0.000000"

"Adjusted Gross Income (AGI)"
"  Adjusted Gross Income (AGI)","9094.411445","0.000000","1","200"
"Age at start of postsecondary education"
"  Age at start of postsecondary education","45427.523639","0.000000","1","200"

"MEASURES OF FIT"
"Negative log-likelihood (Pseudo R2)","0.064656"
"Log-likelihood (intercept only)","-579471.092476"
"Log likelihood (full model)","-542005.107566"
"Likelihood Ratio (Cox-Snell)","0.040972"
"Likelihood Ratio (Cox-Snell) Maximum","0.476408"
"Likelihood Ratio (Estrella)","0.042327"
"Degrees of Freedom","200"
"Number of Categories","9"


"CORRELATION MATRIX"
"","","Distance education: entire program at NPSAS was online","Race/ethnicity (with multiple) and gender","","","","","","","Adjusted Gross Income (AGI)","Age at start of postsecondary education"
"","","Yes","Asian male","Asian female","Black or African American male","Black or African American female","Hispanic or Latino male","Hispanic or Latino female","White female"
"Distance education: entire program at NPSAS was online","Yes","1.000000","NaN","NaN","NaN","NaN","NaN","NaN","NaN","NaN","NaN"

"Race/ethnicity (with multiple) and gender","Asian male","-0.036946","1.000000","NaN","NaN","NaN","NaN","NaN","NaN","NaN","NaN"
"","Asian female","-0.041006","-0.041784","1.000000","NaN","NaN","NaN","NaN","NaN","NaN","NaN"
"","Black or African American male","0.058000","-0.036289","-0.041879","1.000000","NaN","NaN","NaN","NaN","NaN","NaN"
"","Black or African American female","0.052388","-0.050225","-0.057962","-0.050339","1.000000","NaN","NaN","NaN","NaN","NaN"
"","Hispanic or Latino male","-0.027071","-0.044998","-0.051929","-0.045100","-0.062421","1.000000","NaN","NaN","NaN","NaN"
"","Hispanic or Latino female","-0.018818","-0.053748","-0.062027","-0.053870","-0.074558","-0.066799","1.000000","NaN","NaN","NaN"
"","White female","0.026897","-0.151247","-0.174545","-0.151590","-0.209807","-0.187971","-0.224523","1.000000","NaN","NaN"

"Adjusted Gross Income (AGI)","","-0.078370","-0.016525","-0.027105","-0.069941","-0.102497","-0.069921","-0.067843","0.086960","1.000000","NaN"
"Age at start of postsecondary education","","0.214588","-0.027255","-0.036124","0.064883","0.079897","-0.001499","-0.024044","-0.016450","-0.075015","1.000000"

"CORRELATION MATRIX p-value"
"","","Distance education: entire program at NPSAS was online","Race/ethnicity (with multiple) and gender","","","","","","","Adjusted Gross Income (AGI)","Age at start of postsecondary education"
"","","Yes","Asian male","Asian female","Black or African American male","Black or African American female","Hispanic or Latino male","Hispanic or Latino female","White female"
"Distance education: entire program at NPSAS was online","Yes","1.000000","NaN","NaN","NaN","NaN","NaN","NaN","NaN","NaN","NaN"

"Race/ethnicity (with multiple) and gender","Asian male","0.798101","1.000000","NaN","NaN","NaN","NaN","NaN","NaN","NaN","NaN"
"","Asian female","0.763282","-1.000000","1.000000","NaN","NaN","NaN","NaN","NaN","NaN","NaN"
"","Black or African American male","0.426628","-1.000000","-1.000000","1.000000","NaN","NaN","NaN","NaN","NaN","NaN"
"","Black or African American female","0.314804","-1.000000","-1.000000","-1.000000","1.000000","NaN","NaN","NaN","NaN","NaN"
"","Hispanic or Latino male","0.746394","-1.000000","-1.000000","-1.000000","-1.000000","1.000000","NaN","NaN","NaN","NaN"
"","Hispanic or Latino female","0.769523","-1.000000","-1.000000","-1.000000","-1.000000","-1.000000","1.000000","NaN","NaN","NaN"
"","White female","0.367456","-1.000000","-1.000000","-1.000000","-1.000000","-1.000000","-1.000000","1.000000","NaN","NaN"

"Adjusted Gross Income (AGI)","","0.000035","0.712934","0.476820","0.051603","0.000096","0.027173","0.008022","0.000000","1.000000","NaN"
"Age at start of postsecondary education","","0.000000","0.543984","0.343148","0.070881","0.002243","0.962097","0.344694","0.170322","0.000000","1.000000"

"The names of the variables used in this analysis are: DISTALL, RACESEX, CAGI, and  AGEPSE. The variable names are unique identifiers. To locate these variables, enter the variable name in the search box."

"The weight variable used in this analysis is WTB000"

"Source: U.S. Department of Education, National Center for Education Statistics, Baccalaureate and Beyond: 2016/2020 (B&B)."

"Computation by NCES PowerStats on 7/31/2024 at 15:34:55 UTC."

"The code to retrieve results is leopnu"