﻿"National Center for Education Statistics"


"Logistic Regression analysis for Undergraduate education worth the financial cost, as of the B&B:16/20 survey based on Distance education: entire program at NPSAS was online, Race/ethnicity (with multiple) and gender, Age, as of BA completion, Adjusted Gross Income (AGI), Cum. amount owed, principal & interest, all loans for undergraduate and Field of study: undergraduate (11 categories). "

"REGRESSION MODEL INFORMATION"
"Full sample weight","WTB000"
"Number of replicates","200"
"Percentage of observed over total case","70%"
"Coarsened number of cases","14300"
"Model Includes","20 variables and Intercept"
"Problems detected","None"
"Dependent variable","Undergraduate education worth the financial cost, as of the B&B:16/20 survey Event/Desired Outcome: Undergraduate education worth financial cost"

"ODDS RATIO RESULTS"
"","Odds Ratio","Standard Error","Lower 95% Confidence Interval","Upper 95% Confidence Interval","t","p-value","b","b Standard Error"
"Intercept","0.773811","0.1067778","0.590440","1.014131","-1.858310","0.064595","-0.256427","0.1379895"
"Distance education: entire program at NPSAS was online"
"Reference Group: No"
"  Yes","1.077853","0.1102840","0.881991","1.317208","0.732720","0.464587","0.074971","0.1023183"

"Race/ethnicity (with multiple) and gender"
"Reference Group: White male"
"  White female","1.028753","0.2077709","0.692462","1.528362","0.140359","0.888518","0.028347","0.2019638"
"  Black or African American male","1.049814","0.1410484","0.806764","1.366086","0.361824","0.717866","0.048613","0.1343556"
"  Black or African American female","0.724486","0.1192173","0.524757","1.000233","-1.958582","0.051552","-0.322294","0.1645545"
"  Hispanic or Latino male","0.921148","0.1069325","0.733694","1.156495","-0.707532","0.480060","-0.082135","0.1160862"
"  Hispanic or Latino female","1.150623","0.1415949","0.904030","1.464479","1.140128","0.255597","0.140303","0.1230594"
"  Asian male","1.336891","0.1324138","1.100997","1.623325","2.931429","0.003767","0.290347","0.0990461"
"  Asian female","1.235474","0.0873140","1.075663","1.419029","2.992043","0.003120","0.211455","0.0706724"

"Age, as of BA completion"
"  Age, as of BA completion","1.028602","0.0050546","1.018742","1.038557","5.738667","0.000000","0.028200","0.0049141"
"Adjusted Gross Income (AGI)"
"  Adjusted Gross Income (AGI)","1.000000","0.0000003","1.000000","1.000001","1.119362","0.264328","0.000000","0.0000003"
"Cum. amount owed, principal & interest, all loans for undergraduate"
"  Cum. amount owed, principal & interest, all loans for undergraduate","0.999979","0.0000014","0.999976","0.999982","-15.374817","0.000000","-0.000021","0.0000014"
"Field of study: undergraduate (11 categories)"
"Reference Group: Other applied"
"  Computer and information sciences","1.626381","0.2092137","1.263932","2.092766","3.780830","0.000206","0.486357","0.1286376"
"  Engineering and engineering technology","2.318839","0.2861554","1.820650","2.953348","6.815517","0.000000","0.841066","0.1234046"
"  Bio & phys science, sci tech, math, agriculture","1.145985","0.0997724","0.966206","1.359215","1.565136","0.119132","0.136265","0.0870626"
"  General studies and other","0.834878","0.1943211","0.529053","1.317489","-0.775367","0.439038","-0.180470","0.2327539"
"  Social sciences and humanities","0.877055","0.0740126","0.743352","1.034806","-1.554564","0.121631","-0.131186","0.0843876"
"  Personal and consumer services","0.824632","0.1286288","0.607414","1.119530","-1.236147","0.217854","-0.192818","0.1559833"
"  Military technology and protective services","0.846089","0.1359709","0.617477","1.159340","-1.039986","0.299602","-0.167131","0.1607053"
"  Health care fields","1.417799","0.1295278","1.185356","1.695823","3.821280","0.000177","0.349106","0.0913584"
"  Business","1.118626","0.1113414","0.920364","1.359596","1.126255","0.261407","0.112101","0.0995341"


"STANDARDIZED FULL SAMPLE REGRESSION COEFFICIENTS"
"","Standardized b","Standard Error","t","p-value"
"Distance education: entire program at NPSAS was online"
"Reference Group: No"
"  Yes","0.027428","0.0374331","0.732720","0.464587"

"Race/ethnicity (with multiple) and gender"
"Reference Group: White male"
"  White female","0.004564","0.0325196","0.140359","0.888518"
"  Black or African American male","0.009461","0.0261476","0.361824","0.717866"
"  Black or African American female","-0.063727","0.0325371","-1.958582","0.051552"
"  Hispanic or Latino male","-0.022727","0.0321212","-0.707532","0.480060"
"  Hispanic or Latino female","0.032239","0.0282770","1.140128","0.255597"
"  Asian male","0.082731","0.0282222","2.931429","0.003767"
"  Asian female","0.103605","0.0346267","2.992043","0.003120"

"Age, as of BA completion"
"  Age, as of BA completion","0.238271","0.0415202","5.738667","0.000000"
"Adjusted Gross Income (AGI)"
"  Adjusted Gross Income (AGI)","0.024901","0.0222458","1.119362","0.264328"
"Cum. amount owed, principal & interest, all loans for undergraduate"
"  Cum. amount owed, principal & interest, all loans for undergraduate","-0.556571","0.0362002","-15.374817","0.000000"
"Field of study: undergraduate (11 categories)"
"Reference Group: Other applied"
"  Computer and information sciences","0.130175","0.0344302","3.780830","0.000206"
"  Engineering and engineering technology","0.201665","0.0295891","6.815517","0.000000"
"  Bio & phys science, sci tech, math, agriculture","0.041527","0.0265324","1.565136","0.119132"
"  General studies and other","-0.020336","0.0262280","-0.775367","0.439038"
"  Social sciences and humanities","-0.051372","0.0330457","-1.554564","0.121631"
"  Personal and consumer services","-0.029749","0.0240657","-1.236147","0.217854"
"  Military technology and protective services","-0.032136","0.0309007","-1.039986","0.299602"
"  Health care fields","0.126340","0.0330623","3.821280","0.000177"
"  Business","0.036886","0.0327514","1.126255","0.261407"


"HYPOTHESIS TESTING RESULTS"
"","WaldF","Probability F","Numerator DF","Denominator DF"
"Overall Fit","111729.790994","0.000000","20","181"
"Distance education: entire program at NPSAS was online"
"Degrees of Freedom","","","1","200"
"Reference Group: No"
"  Yes","155.680017","0.000000"

"Race/ethnicity (with multiple) and gender"
"Degrees of Freedom","","","7","194"
"Reference Group: White male"
"  White female","9.253942","0.002350"
"  Black or African American male","35.907805","0.000000"
"  Black or African American female","1216.174950","0.000000"
"  Hispanic or Latino male","132.639443","0.000000"
"  Hispanic or Latino female","343.567554","0.000000"
"  Asian male","1879.704040","0.000000"
"  Asian female","2685.112466","0.000000"

"Age, as of BA completion"
"  Age, as of BA completion","10376.805140","0.000000","1","200"
"Adjusted Gross Income (AGI)"
"  Adjusted Gross Income (AGI)","226.002414","0.000000","1","200"
"Cum. amount owed, principal & interest, all loans for undergraduate"
"  Cum. amount owed, principal & interest, all loans for undergraduate","75152.957824","0.000000","1","200"
"Field of study: undergraduate (11 categories)"
"Degrees of Freedom","","","9","192"
"Reference Group: Other applied"
"  Computer and information sciences","2279.029023","0.000000"
"  Engineering and engineering technology","9886.362517","0.000000"
"  Bio & phys science, sci tech, math, agriculture","467.723812","0.000000"
"  General studies and other","223.827572","0.000000"
"  Social sciences and humanities","605.066399","0.000000"
"  Personal and consumer services","361.131453","0.000000"
"  Military technology and protective services","240.457652","0.000000"
"  Health care fields","2857.709054","0.000000"
"  Business","389.624951","0.000000"


"MEASURES OF FIT"
"Negative log-likelihood (Pseudo R2)","0.054589"
"Log-likelihood (intercept only)","-1165943.994014"
"Log likelihood (full model)","-1102295.824432"
"Likelihood Ratio (Cox-Snell)","0.072103"
"Likelihood Ratio (Cox-Snell) Maximum","0.746110"
"Likelihood Ratio (Estrella)","0.074068"
"Degrees of Freedom","200"
"Number of Categories","20"


"CORRELATION MATRIX"
"","","Undergraduate education worth the financial cost, as of the B&B:16/20 survey","Distance education: entire program at NPSAS was online","Race/ethnicity (with multiple) and gender","","","","","","","Age, as of BA completion","Adjusted Gross Income (AGI)","Cum. amount owed, principal & interest, all loans for undergraduate","Field of study: undergraduate (11 categories)"
"","","Undergraduate education worth financial cost","Yes","White female","Black or African American male","Black or African American female","Hispanic or Latino male","Hispanic or Latino female","Asian male","Asian female","","","","Computer and information sciences","Engineering and engineering technology","Bio & phys science, sci tech, math, agriculture","General studies and other","Social sciences and humanities","Personal and consumer services","Military technology and protective services","Health care fields","Business"
"Undergraduate education worth the financial cost, as of the B&B:16/20 survey","Undergraduate education worth financial cost","1.000000","NaN","NaN","NaN","NaN","NaN","NaN","NaN","NaN","NaN","NaN","NaN","NaN","NaN","NaN","NaN","NaN","NaN","NaN","NaN","NaN"

"Distance education: entire program at NPSAS was online","Yes","0.023291","1.000000","NaN","NaN","NaN","NaN","NaN","NaN","NaN","NaN","NaN","NaN","NaN","NaN","NaN","NaN","NaN","NaN","NaN","NaN","NaN"

"Race/ethnicity (with multiple) and gender","White female","0.027475","-0.035629","1.000000","NaN","NaN","NaN","NaN","NaN","NaN","NaN","NaN","NaN","NaN","NaN","NaN","NaN","NaN","NaN","NaN","NaN","NaN"
"","Black or African American male","0.012787","-0.042803","-0.041645","1.000000","NaN","NaN","NaN","NaN","NaN","NaN","NaN","NaN","NaN","NaN","NaN","NaN","NaN","NaN","NaN","NaN","NaN"
"","Black or African American female","-0.051653","0.063223","-0.036371","-0.041818","1.000000","NaN","NaN","NaN","NaN","NaN","NaN","NaN","NaN","NaN","NaN","NaN","NaN","NaN","NaN","NaN","NaN"
"","Hispanic or Latino male","-0.058610","0.049984","-0.050454","-0.058011","-0.050664","1.000000","NaN","NaN","NaN","NaN","NaN","NaN","NaN","NaN","NaN","NaN","NaN","NaN","NaN","NaN","NaN"
"","Hispanic or Latino female","0.013558","-0.026298","-0.045232","-0.052008","-0.045421","-0.063009","1.000000","NaN","NaN","NaN","NaN","NaN","NaN","NaN","NaN","NaN","NaN","NaN","NaN","NaN","NaN"
"","Asian male","0.021371","-0.017499","-0.054023","-0.062116","-0.054248","-0.075254","-0.067466","1.000000","NaN","NaN","NaN","NaN","NaN","NaN","NaN","NaN","NaN","NaN","NaN","NaN","NaN"
"","Asian female","0.017174","0.025108","-0.151800","-0.174538","-0.152432","-0.211457","-0.189574","-0.226418","1.000000","NaN","NaN","NaN","NaN","NaN","NaN","NaN","NaN","NaN","NaN","NaN","NaN"

"Age, as of BA completion","","0.044689","0.400864","-0.051027","-0.057627","0.072888","0.123257","0.005360","-0.000907","-0.019204","1.000000","NaN","NaN","NaN","NaN","NaN","NaN","NaN","NaN","NaN","NaN","NaN"
"Adjusted Gross Income (AGI)","","0.035906","-0.084505","-0.013343","-0.031504","-0.069322","-0.104318","-0.070168","-0.068820","0.090059","-0.155727","1.000000","NaN","NaN","NaN","NaN","NaN","NaN","NaN","NaN","NaN","NaN"
"Cum. amount owed, principal & interest, all loans for undergraduate","","-0.216932","0.094749","-0.100705","-0.099188","0.086059","0.171710","-0.032430","-0.019247","0.056144","0.190640","-0.147627","1.000000","NaN","NaN","NaN","NaN","NaN","NaN","NaN","NaN","NaN"
"Field of study: undergraduate (11 categories)","Computer and information sciences","0.031204","0.056994","0.104087","-0.018858","0.034818","-0.036390","0.028728","-0.042316","-0.122467","0.046432","-0.037534","-0.005398","1.000000","NaN","NaN","NaN","NaN","NaN","NaN","NaN","NaN"
"","Engineering and engineering technology","0.081689","-0.055246","0.111559","-0.014995","0.001672","-0.048596","0.032844","-0.046211","-0.138787","-0.065471","0.026813","-0.048346","-0.048369","1.000000","NaN","NaN","NaN","NaN","NaN","NaN","NaN"
"","Bio & phys science, sci tech, math, agriculture","0.012929","-0.083560","0.005473","0.061019","-0.020665","-0.034856","-0.001624","-0.011056","-0.007540","-0.120976","0.040543","-0.067505","-0.070268","-0.096564","1.000000","NaN","NaN","NaN","NaN","NaN","NaN"
"","General studies and other","-0.014192","0.062628","-0.022633","-0.014532","0.013386","0.052466","0.001199","0.003803","0.002489","0.091314","-0.022241","0.013122","-0.026879","-0.036938","-0.053661","1.000000","NaN","NaN","NaN","NaN","NaN"
"","Social sciences and humanities","-0.064138","-0.079275","-0.040714","0.003279","-0.018876","-0.001553","-0.003621","0.054672","0.032017","-0.100782","0.021500","-0.017882","-0.109217","-0.150089","-0.218040","-0.083405","1.000000","NaN","NaN","NaN","NaN"
"","Personal and consumer services","-0.031509","-0.033100","-0.021087","-0.002680","0.014153","0.004698","-0.003818","0.001993","-0.010264","-0.050087","-0.004906","0.006005","-0.032741","-0.044993","-0.065364","-0.025003","-0.101595","1.000000","NaN","NaN","NaN"
"","Military technology and protective services","-0.022886","0.057774","-0.022190","-0.030851","0.046069","0.024557","0.025785","0.029674","-0.040180","0.054456","-0.028572","0.022524","-0.030889","-0.042448","-0.061666","-0.023588","-0.095846","-0.028733","1.000000","NaN","NaN"
"","Health care fields","0.047393","0.138098","-0.036707","0.012264","-0.035520","0.038879","-0.047926","0.020195","0.158830","0.170877","-0.026811","0.077205","-0.068750","-0.094478","-0.137252","-0.052501","-0.213329","-0.063952","-0.060333","1.000000","NaN"
"","Business","0.003738","0.047209","0.024812","-0.021042","0.026959","0.007736","0.014778","-0.026704","-0.082348","0.081131","0.000899","0.007588","-0.092964","-0.127753","-0.185593","-0.070993","-0.288465","-0.086476","-0.081583","-0.181583","1.000000"


"CORRELATION MATRIX p-value"
"","","Undergraduate education worth the financial cost, as of the B&B:16/20 survey","Distance education: entire program at NPSAS was online","Race/ethnicity (with multiple) and gender","","","","","","","Age, as of BA completion","Adjusted Gross Income (AGI)","Cum. amount owed, principal & interest, all loans for undergraduate","Field of study: undergraduate (11 categories)"
"","","Undergraduate education worth financial cost","Yes","White female","Black or African American male","Black or African American female","Hispanic or Latino male","Hispanic or Latino female","Asian male","Asian female","","","","Computer and information sciences","Engineering and engineering technology","Bio & phys science, sci tech, math, agriculture","General studies and other","Social sciences and humanities","Personal and consumer services","Military technology and protective services","Health care fields","Business"
"Undergraduate education worth the financial cost, as of the B&B:16/20 survey","Undergraduate education worth financial cost","1.000000","NaN","NaN","NaN","NaN","NaN","NaN","NaN","NaN","NaN","NaN","NaN","NaN","NaN","NaN","NaN","NaN","NaN","NaN","NaN","NaN"

"Distance education: entire program at NPSAS was online","Yes","0.419636","1.000000","NaN","NaN","NaN","NaN","NaN","NaN","NaN","NaN","NaN","NaN","NaN","NaN","NaN","NaN","NaN","NaN","NaN","NaN","NaN"

"Race/ethnicity (with multiple) and gender","White female","0.681923","0.842854","1.000000","NaN","NaN","NaN","NaN","NaN","NaN","NaN","NaN","NaN","NaN","NaN","NaN","NaN","NaN","NaN","NaN","NaN","NaN"
"","Black or African American male","0.824364","0.784117","-1.000000","1.000000","NaN","NaN","NaN","NaN","NaN","NaN","NaN","NaN","NaN","NaN","NaN","NaN","NaN","NaN","NaN","NaN","NaN"
"","Black or African American female","0.443890","0.454401","-1.000000","-1.000000","1.000000","NaN","NaN","NaN","NaN","NaN","NaN","NaN","NaN","NaN","NaN","NaN","NaN","NaN","NaN","NaN","NaN"
"","Hispanic or Latino male","0.186826","0.392661","-1.000000","-1.000000","-1.000000","1.000000","NaN","NaN","NaN","NaN","NaN","NaN","NaN","NaN","NaN","NaN","NaN","NaN","NaN","NaN","NaN"
"","Hispanic or Latino female","0.782154","0.782905","-1.000000","-1.000000","-1.000000","-1.000000","1.000000","NaN","NaN","NaN","NaN","NaN","NaN","NaN","NaN","NaN","NaN","NaN","NaN","NaN","NaN"
"","Asian male","0.575362","0.808631","-1.000000","-1.000000","-1.000000","-1.000000","-1.000000","1.000000","NaN","NaN","NaN","NaN","NaN","NaN","NaN","NaN","NaN","NaN","NaN","NaN","NaN"
"","Asian female","0.330759","0.455585","-1.000000","-1.000000","-1.000000","-1.000000","-1.000000","-1.000000","1.000000","NaN","NaN","NaN","NaN","NaN","NaN","NaN","NaN","NaN","NaN","NaN","NaN"

"Age, as of BA completion","","0.000126","0.000000","0.321088","0.172721","0.079669","0.000028","0.879802","0.974231","0.147743","1.000000","NaN","NaN","NaN","NaN","NaN","NaN","NaN","NaN","NaN","NaN","NaN"
"Adjusted Gross Income (AGI)","","0.001943","0.000075","0.795292","0.455807","0.095507","0.000369","0.048281","0.014691","0.000000","0.000000","1.000000","NaN","NaN","NaN","NaN","NaN","NaN","NaN","NaN","NaN","NaN"
"Cum. amount owed, principal & interest, all loans for undergraduate","","0.000000","0.000010","0.050158","0.019084","0.038607","0.000000","0.360462","0.492984","0.000032","0.000000","0.000000","1.000000","NaN","NaN","NaN","NaN","NaN","NaN","NaN","NaN","NaN"
"Field of study: undergraduate (11 categories)","Computer and information sciences","0.486368","0.296634","0.410887","0.934557","0.697310","0.805185","0.729650","0.783993","0.189175","0.123219","0.212459","0.857509","1.000000","NaN","NaN","NaN","NaN","NaN","NaN","NaN","NaN"
"","Engineering and engineering technology","0.051151","0.651110","0.332125","0.941507","0.990577","0.855734","0.756872","0.813766","0.141384","0.053820","0.428733","0.154010","-1.000000","1.000000","NaN","NaN","NaN","NaN","NaN","NaN","NaN"
"","Bio & phys science, sci tech, math, agriculture","0.703656","0.625419","0.970109","0.547794","0.916168","0.777208","0.989811","0.911634","0.849492","0.000005","0.120108","0.009937","-1.000000","-1.000000","1.000000","NaN","NaN","NaN","NaN","NaN","NaN"
"","General studies and other","0.891269","0.670857","NaN","0.983622","0.966275","0.838966","0.997661","0.987878","0.983886","0.217513","0.764394","0.859654","-1.000000","-1.000000","-1.000000","1.000000","NaN","NaN","NaN","NaN","NaN"
"","Social sciences and humanities","0.020343","0.218440","0.777996","0.972976","0.866074","0.981526","0.965628","0.360665","0.280739","0.000000","0.264882","0.353580","-1.000000","-1.000000","-1.000000","-1.000000","1.000000","NaN","NaN","NaN","NaN"
"","Personal and consumer services","0.699838","0.894743","0.966394","0.994351","0.954907","0.980911","0.987456","0.991749","0.909478","0.351336","0.927273","0.911052","-1.000000","-1.000000","-1.000000","-1.000000","-1.000000","1.000000","NaN","NaN","NaN"
"","Military technology and protective services","0.720481","0.462247","0.956697","0.975408","0.754767","0.815974","0.851239","0.789602","0.672264","0.203198","0.504182","0.598497","-1.000000","-1.000000","-1.000000","-1.000000","-1.000000","-1.000000","1.000000","NaN","NaN"
"","Health care fields","0.088933","0.000779","0.812085","0.886823","0.831345","0.494099","0.745199","0.738461","0.000000","0.000000","0.208323","0.000342","-1.000000","-1.000000","-1.000000","-1.000000","-1.000000","-1.000000","-1.000000","1.000000","NaN"
"","Business","0.907619","0.357379","0.859493","0.875008","0.779562","0.919051","0.880343","0.753130","0.059528","0.000760","0.969927","0.750202","-1.000000","-1.000000","-1.000000","-1.000000","-1.000000","-1.000000","-1.000000","-1.000000","1.000000"


"The names of the variables used in this analysis are: B2WORTHUG, DISTALL, RACESEX, B1AGEATBA, CAGI, TOTDUE1, and  MAJORS2Y. The variable names are unique identifiers. To locate these variables, enter the variable name in the search box."

"The weight variable used in this analysis is WTB000"

"Source: U.S. Department of Education, National Center for Education Statistics, Baccalaureate and Beyond: 2016/2020 (B&B)."

"Computation by NCES PowerStats on 7/31/2024 at 16:27:10 UTC."

"The code to retrieve results is qgopwq"