﻿National Center for Education Statistics,,,,,
,,,,,
,,,,,
"Teaching influences, as of 4 yrs after BA: Teacher accountability by Distance education: entire program at NPSAS was online. ",,,,,
,,,,,
,"Teaching influences, as of 4 yrs after BA: Teacher accountability",,,,
,Negative influence,Non-negative influence,Total,,
,(%),(%),,,
,,,,,
ESTIMATES,,,,,
Total,16.15152,83.84848,100%,,
Distance education: entire program at NPSAS was online,,,,,
No,16.051955,83.948045,100%,,
Yes,17.464008 !,82.535992,100%,,
,,,,,
STANDARD ERRORS,,,,,
Total,1.2694056,1.2694056,,,
Distance education: entire program at NPSAS was online,,,,,
No,1.3577391,1.3577391,,,
Yes,5.3678826,5.3678826,,,
,,,,,
RELATIVE STANDARD ERRORS (%),,,,,
Total,7.8593569,1.513928,,,
Distance education: entire program at NPSAS was online,,,,,
No,8.4584033,1.6173564,,,
Yes,30.7368308,6.503687,,,
,,,,,
WEIGHTED SAMPLE SIZES,,,,,
Total,27342,141944,169286,,
Distance education: entire program at NPSAS was online,,,,,
No,25258,132092,157350,,
Yes,2085,9852,11937,,
,,,,,
CONFIDENCE INTERVALS,,,,,
,"Teaching influences, as of 4 yrs after BA: Teacher accountability",,,,
,Negative influence,,Non-negative influence,,Total
,Amount,95% Confidence Interval,Amount,95% Confidence Interval,
Total,16.15152,13.66 - 18.64,83.84848,81.36 - 86.34,100%
Distance education: entire program at NPSAS was online,,,,,
No,16.051955,13.39 - 18.71,83.948045,81.29 - 86.61,100%
Yes,17.464008 !,6.94 - 27.99,82.535992,72.01 - 93.06,100%
,,,,,
! Interpret data with caution. Estimate is unstable because the standard error represents more than 30 percent of the estimate.,,,,,
,,,,,
"The names of the variables used in this analysis are: B2INFLACCT and DISTALL. The variable names are unique identifiers. To locate these variables, enter the variable name in the search box.",,,,,
,,,,,
The weight variable used in this analysis is WTB000,,,,,
,,,,,
NOTE: Detail may not sum to totals because of rounding.,,,,,
,,,,,
"Source: U.S. Department of Education, National Center for Education Statistics, Baccalaureate and Beyond: 2016/2020 (B&B).",,,,,
,,,,,
Computation by NCES PowerStats on 7/30/2024 at 00:36:50 UTC.,,,,,
,,,,,
The code to retrieve results is eufbyh,,,,,
