﻿National Center for Education Statistics,,,,,,,,,,,,,,,,,
,,,,,,,,,,,,,,,,,
,,,,,,,,,,,,,,,,,
Race/ethnicity (with multiple) and gender by Distance education: entire program at NPSAS was online. ,,,,,,,,,,,,,,,,,
,,,,,,,,,,,,,,,,,
,Race/ethnicity (with multiple) and gender,,,,,,,,,,,,,,,,
,Asian male,Asian female,Black or African American male,Black or African American female,Hispanic or Latino male,Hispanic or Latino female,White male,White female,Total,,,,,,,,
,(%),(%),(%),(%),(%),(%),(%),(%),,,,,,,,,
,,,,,,,,,,,,,,,,,
ESTIMATES,,,,,,,,,,,,,,,,,
Total,3.511153,4.594331,3.662733,6.921912,5.364393,7.654716,30.181162,38.1096,100%,,,,,,,,
Distance education: entire program at NPSAS was online,,,,,,,,,,,,,,,,,
No,3.77,4.88,3.29,6.49,5.58,7.85,30.57,37.56,100%,,,,,,,,
Yes,1.28,2.12,6.97,10.77,3.50,5.99,26.74,42.62,100%,,,,,,,,
,,,,,,,,,,,,,,,,,
STANDARD ERRORS,,,,,,,,,,,,,,,,,
Total,0.1933973,0.2227414,0.1945402,0.2428072,0.2825715,0.3366045,0.3950328,0.4416792,,,,,,,,,
Distance education: entire program at NPSAS was online,,,,,,,,,,,,,,,,,
No,0.2100322,0.2421842,0.2048447,0.2691979,0.3027243,0.3481519,0.4552522,0.4814202,,,,,,,,,
Yes,0.444917,0.4649665,0.9584117,1.0004054,0.5185677,0.6738928,1.4906523,1.6449136,,,,,,,,,
,,,,,,,,,,,,,,,,,
RELATIVE STANDARD ERRORS (%),,,,,,,,,,,,,,,,,
Total,5.5080859,4.8481786,5.3113395,3.5078051,5.2675394,4.3973484,1.3088722,1.158971,,,,,,,,,
Distance education: entire program at NPSAS was online,,,,,,,,,,,,,,,,,
No,5.5698302,4.9599233,6.233138,4.1495549,5.4212156,4.4327512,1.488974,1.2817546,,,,,,,,,
Yes,34.6259457,21.9832323,13.7451365,9.2892972,14.796707,11.2433777,5.5743159,3.8596628,,,,,,,,,
,,,,,,,,,,,,,,,,,
WEIGHTED SAMPLE SIZES,,,,,,,,,,,,,,,,,
Total,68615,89783,71577,135268,104831,149589,589801,744739,1954203,,,,,,,,
Distance education: entire program at NPSAS was online,,,,,,,,,,,,,,,,,
No,66029,85500,57545,113596,97779,137527,535375,657677,1751028,,,,,,,,
Yes,2586,4256,14032,21672,7053,12062,53814,85764,201239,,,,,,,,
,,,,,,,,,,,,,,,,,
CONFIDENCE INTERVALS,,,,,,,,,,,,,,,,,
,Race/ethnicity (with multiple) and gender,,,,,,,,,,,,,,,,
,Asian male,,Asian female,,Black or African American male,,Black or African American female,,Hispanic or Latino male,,Hispanic or Latino female,,White male,,White female,,Total
,Amount,95% Confidence Interval,Amount,95% Confidence Interval,Amount,95% Confidence Interval,Amount,95% Confidence Interval,Amount,95% Confidence Interval,Amount,95% Confidence Interval,Amount,95% Confidence Interval,Amount,95% Confidence Interval,
Total,3.511153,3.13 - 3.89,4.594331,4.16 - 5.03,3.662733,3.28 - 4.04,6.921912,6.45 - 7.40,5.364393,4.81 - 5.92,7.654716,6.99 - 8.31,30.181162,29.41 - 30.96,38.1096,37.24 - 38.98,100%
Distance education: entire program at NPSAS was online,,,,,,,,,,,,,,,,,
No,3.770891,3.36 - 4.18,4.882822,4.41 - 5.36,3.286382,2.88 - 3.69,6.487393,5.96 - 7.02,5.584067,4.99 - 6.18,7.854083,7.17 - 8.54,30.574892,29.68 - 31.47,37.559471,36.62 - 38.50,100%
Yes,1.284924 !,0.41 - 2.16,2.115096,1.20 - 3.03,6.972733,5.09 - 8.85,10.769441,8.81 - 12.73,3.504615,2.49 - 4.52,5.993686,4.67 - 7.31,26.741439,23.82 - 29.66,42.618065,39.39 - 45.84,100%
,,,,,,,,,,,,,,,,,
! Interpret data with caution. Estimate is unstable because the standard error represents more than 30 percent of the estimate.,,,,,,,,,,,,,,,,,
,,,,,,,,,,,,,,,,,
"The names of the variables used in this analysis are: RACESEX and DISTALL. The variable names are unique identifiers. To locate these variables, enter the variable name in the search box.",,,,,,,,,,,,,,,,,
,,,,,,,,,,,,,,,,,
The weight variable used in this analysis is WTB000,,,,,,,,,,,,,,,,,
,,,,,,,,,,,,,,,,,
NOTE: Detail may not sum to totals because of rounding.,,,,,,,,,,,,,,,,,
,,,,,,,,,,,,,,,,,
"Source: U.S. Department of Education, National Center for Education Statistics, Baccalaureate and Beyond: 2016/2020 (B&B).",,,,,,,,,,,,,,,,,
,,,,,,,,,,,,,,,,,
Computation by NCES PowerStats on 7/26/2024 at 00:37:45 UTC.,,,,,,,,,,,,,,,,,
,,,,,,,,,,,,,,,,,
The code to retrieve results is zeqseh,,,,,,,,,,,,,,,,,
