﻿National Center for Education Statistics,,,,,
,,,,,
,,,,,
"Undergraduate education worth the financial cost, as of the B&B:16/20 survey by Distance education: entire program at NPSAS was online. ",,,,,
,,,,,
,"Undergraduate education worth the financial cost, as of the B&B:16/20 survey",,,,
,Undergraduate education not worth financial cost,Undergraduate education worth financial cost,Total,,
,(%),(%),,,
,,,,,
ESTIMATES,,,,,
Total,43.887463,56.112537,100%,,
Distance education: entire program at NPSAS was online,,,,,
No,44.32,55.68,100%,,
Yes,40.17,59.83,100%,,
,,,,,
STANDARD ERRORS,,,,,
Total,0.5886589,0.5886589,,,
Distance education: entire program at NPSAS was online,,,,,
No,0.6206071,0.6206071,,,
Yes,1.5832656,1.5832656,,,
,,,,,
RELATIVE STANDARD ERRORS (%),,,,,
Total,1.3412918,1.0490685,,,
Distance education: entire program at NPSAS was online,,,,,
No,1.4003564,1.1145519,,,
Yes,3.9418706,2.6460674,,,
,,,,,
WEIGHTED SAMPLE SIZES,,,,,
Total,894414,1143557,2037971,,
Distance education: entire program at NPSAS was online,,,,,
No,810164,1017914,1828078,,
Yes,83526,124429,207955,,
,,,,,
CONFIDENCE INTERVALS,,,,,
,"Undergraduate education worth the financial cost, as of the B&B:16/20 survey",,,,
,Undergraduate education not worth financial cost,,Undergraduate education worth financial cost,,Total
,Amount,95% Confidence Interval,Amount,95% Confidence Interval,
Total,43.887463,42.73 - 45.04,56.112537,54.96 - 57.27,100%
Distance education: entire program at NPSAS was online,,,,,
No,44.317794,43.10 - 45.53,55.682207,54.47 - 56.90,100%
Yes,40.165335,37.06 - 43.27,59.834665,56.73 - 62.94,100%
"The names of the variables used in this analysis are: B2WORTHUG and DISTALL. The variable names are unique identifiers. To locate these variables, enter the variable name in the search box.",,,,,
,,,,,
The weight variable used in this analysis is WTB000,,,,,
,,,,,
NOTE: Detail may not sum to totals because of rounding.,,,,,
,,,,,
"Source: U.S. Department of Education, National Center for Education Statistics, Baccalaureate and Beyond: 2016/2020 (B&B).",,,,,
,,,,,
Computation by NCES PowerStats on 7/26/2024 at 00:47:07 UTC.,,,,,
,,,,,
The code to retrieve results is oamdcb,,,,,
