﻿National Center for Education Statistics,,,,,,,,,,,
,,,,,,,,,,,
,,,,,,,,,,,
Income percent of poverty level by Distance education: entire program at NPSAS was online. ,,,,,,,,,,,
,,,,,,,,,,,
,Income percent of poverty level,,,,,,,,,,
,0 <= X <= 20,21 <= X <= 40,41 <= X <= 60,61 <= X <= 80,81 <= X <= 100,Total,,,,,
,(%),(%),(%),(%),(%),,,,,,
,,,,,,,,,,,
ESTIMATES,,,,,,,,,,,
Total,36.892091,14.278068,16.02467,17.397915,15.407257,100%,,,,,
Distance education: entire program at NPSAS was online,,,,,,,,,,,
No,36.86,14.24,16.05,17.74,15.12,100%,,,,,
Yes,35.70,14.78,16.34,14.99,18.19,100%,,,,,
,,,,,,,,,,,
STANDARD ERRORS,,,,,,,,,,,
Total,1.1271943,0.8260644,0.8517149,0.8712261,0.8064056,,,,,,
Distance education: entire program at NPSAS was online,,,,,,,,,,,
No,1.2082591,0.8726536,0.8631904,0.9607171,0.8719893,,,,,,
Yes,3.4423789,2.8521587,2.753506,2.2275723,2.9295658,,,,,,
,,,,,,,,,,,
RELATIVE STANDARD ERRORS (%),,,,,,,,,,,
Total,3.0553819,5.7855475,5.3150228,5.0076465,5.2339334,,,,,,
Distance education: entire program at NPSAS was online,,,,,,,,,,,
No,3.2777031,6.129331,5.3797616,5.4168377,5.7675896,,,,,,
Yes,9.6429038,19.2935429,16.8475449,14.8606111,16.1097756,,,,,,
,,,,,,,,,,,
WEIGHTED SAMPLE SIZES,,,,,,,,,,,
Total,194094,75119,84308,91533,81060,526114,,,,,
Distance education: entire program at NPSAS was online,,,,,,,,,,,
No,172222,66516,74962,82861,70634,467195,,,,,
Yes,20414,8453,9346,8572,10399,57184,,,,,
,,,,,,,,,,,
CONFIDENCE INTERVALS,,,,,,,,,,,
,Income percent of poverty level,,,,,,,,,,
,0 <= X <= 20,,21 <= X <= 40,,41 <= X <= 60,,61 <= X <= 80,,81 <= X <= 100,,Total
,Amount,95% Confidence Interval,Amount,95% Confidence Interval,Amount,95% Confidence Interval,Amount,95% Confidence Interval,Amount,95% Confidence Interval,
Total,36.892091,34.68 - 39.10,14.278068,12.66 - 15.90,16.02467,14.36 - 17.69,17.397915,15.69 - 19.11,15.407257,13.83 - 16.99,100%
Distance education: entire program at NPSAS was online,,,,,,,,,,,
No,36.862982,34.49 - 39.23,14.237339,12.53 - 15.95,16.045142,14.35 - 17.74,17.735756,15.85 - 19.62,15.118782,13.41 - 16.83,100%
Yes,35.698572,28.95 - 42.45,14.78297,9.19 - 20.37,16.343663,10.95 - 21.74,14.989776,10.62 - 19.36,18.185019,12.44 - 23.93,100%
"The names of the variables used in this analysis are: PCTPOV and DISTALL. The variable names are unique identifiers. To locate these variables, enter the variable name in the search box.",,,,,,,,,,,
,,,,,,,,,,,
The weight variable used in this analysis is WTB000,,,,,,,,,,,
,,,,,,,,,,,
NOTE: Detail may not sum to totals because of rounding.,,,,,,,,,,,
,,,,,,,,,,,
"Source: U.S. Department of Education, National Center for Education Statistics, Baccalaureate and Beyond: 2016/2020 (B&B).",,,,,,,,,,,
,,,,,,,,,,,
Computation by NCES PowerStats on 7/26/2024 at 00:53:06 UTC.,,,,,,,,,,,
,,,,,,,,,,,
The code to retrieve results is nsqfov,,,,,,,,,,,
